{"chunk_definitions":[{"chunk_id":"csetup_chunk","chunk_label":"setup","document_id":"7E7A5652","expansion_state":0,"options":{"engine":"r","include":false,"label":"setup"},"row":9,"row_count":1,"visible":true},{"chunk_id":"cm84wg3ax2z5f","chunk_label":"unnamed-chunk-1","document_id":"7E7A5652","expansion_state":0,"options":{"engine":"r","label":"unnamed-chunk-27"},"row":24,"row_count":1,"visible":true},{"chunk_id":"c5rf75w5u947p","chunk_label":"unnamed-chunk-2","document_id":"7E7A5652","expansion_state":0,"options":{"engine":"r","label":"unnamed-chunk-2"},"row":35,"row_count":1,"visible":true},{"chunk_id":"chaongtaizloi","chunk_label":"unnamed-chunk-3","document_id":"7E7A5652","expansion_state":0,"options":{"engine":"r","label":"unnamed-chunk-3","warning":"F"},"row":41,"row_count":1,"visible":true},{"chunk_id":"c6yindgv11rnc","chunk_label":"unnamed-chunk-4","document_id":"7E7A5652","expansion_state":0,"options":{"engine":"r","label":"unnamed-chunk-4"},"row":45,"row_count":1,"visible":true},{"chunk_id":"c13lyzyi555ak","chunk_label":"unnamed-chunk-5","document_id":"7E7A5652","expansion_state":0,"options":{"engine":"r","label":"unnamed-chunk-5"},"row":56,"row_count":1,"visible":true},{"chunk_id":"c86565zaz8gfu","chunk_label":"unnamed-chunk-6","document_id":"7E7A5652","expansion_state":0,"options":{"engine":"r","label":"unnamed-chunk-25"},"row":66,"row_count":1,"visible":true},{"chunk_id":"cs9m0foz2f7e6","chunk_label":"unnamed-chunk-7","document_id":"7E7A5652","expansion_state":0,"options":{"engine":"r","label":"unnamed-chunk-6"},"row":81,"row_count":1,"visible":true},{"chunk_id":"cwpa9p6bnygx3","chunk_label":"unnamed-chunk-8","document_id":"7E7A5652","expansion_state":0,"options":{"engine":"r","label":"unnamed-chunk-7"},"row":88,"row_count":1,"visible":true},{"chunk_id":"cg4oafk33beln","chunk_label":"unnamed-chunk-9","document_id":"7E7A5652","expansion_state":0,"options":{"engine":"r","label":"unnamed-chunk-8"},"row":94,"row_count":1,"visible":true},{"chunk_id":"c1tmcw3lmi0v4","chunk_label":"unnamed-chunk-10","document_id":"7E7A5652","expansion_state":0,"options":{"engine":"r","label":"unnamed-chunk-9"},"row":99,"row_count":1,"visible":true},{"chunk_id":"c90nsg20r9t20","chunk_label":"unnamed-chunk-11","document_id":"7E7A5652","expansion_state":0,"options":{"engine":"r","label":"unnamed-chunk-10"},"row":107,"row_count":1,"visible":true},{"chunk_id":"cjf704fjl2s85","chunk_label":"unnamed-chunk-12","document_id":"7E7A5652","expansion_state":0,"options":{"engine":"r","label":"unnamed-chunk-11"},"row":112,"row_count":1,"visible":true},{"chunk_id":"cmm3dmtqj0sr4","chunk_label":"unnamed-chunk-13","document_id":"7E7A5652","expansion_state":0,"options":{"engine":"r","label":"unnamed-chunk-12"},"row":124,"row_count":1,"visible":true},{"chunk_id":"c8t76nfobz05x","chunk_label":"unnamed-chunk-14","document_id":"7E7A5652","expansion_state":0,"options":{"engine":"r","label":"unnamed-chunk-13"},"row":135,"row_count":1,"visible":true},{"chunk_id":"c7q9j69qcqsx8","chunk_label":"unnamed-chunk-15","document_id":"7E7A5652","expansion_state":0,"options":{"engine":"r","label":"unnamed-chunk-14"},"row":147,"row_count":1,"visible":true},{"chunk_id":"caow1d9rgg54k","chunk_label":"unnamed-chunk-16","document_id":"7E7A5652","expansion_state":0,"options":{"engine":"r","label":"unnamed-chunk-15"},"row":167,"row_count":1,"visible":true},{"chunk_id":"c6gifh4oujdxb","chunk_label":"unnamed-chunk-17","document_id":"7E7A5652","expansion_state":0,"options":{"engine":"r","label":"unnamed-chunk-16"},"row":175,"row_count":1,"visible":true},{"chunk_id":"ch6m6yblo978f","chunk_label":"unnamed-chunk-18","document_id":"7E7A5652","expansion_state":0,"options":{"engine":"r","label":"unnamed-chunk-17"},"row":183,"row_count":1,"visible":true},{"chunk_id":"cntzmlddu3jj4","chunk_label":"unnamed-chunk-19","document_id":"7E7A5652","expansion_state":0,"options":{"engine":"r","label":"unnamed-chunk-18"},"row":219,"row_count":1,"visible":true},{"chunk_id":"cyvw9khkzvvge","chunk_label":"unnamed-chunk-20","document_id":"7E7A5652","expansion_state":0,"options":{"engine":"r","label":"unnamed-chunk-26"},"row":226,"row_count":1,"visible":true},{"chunk_id":"cowtanx0awnaq","chunk_label":"unnamed-chunk-21","document_id":"7E7A5652","expansion_state":0,"options":{"engine":"r","label":"unnamed-chunk-20"},"row":235,"row_count":1,"visible":true},{"chunk_id":"cr9ctgx5px7sf","chunk_label":"unnamed-chunk-22","document_id":"7E7A5652","expansion_state":0,"options":{"engine":"r","label":"unnamed-chunk-21"},"row":246,"row_count":1,"visible":true},{"chunk_id":"cchh6oqyg7667","chunk_label":"unnamed-chunk-23","document_id":"7E7A5652","expansion_state":0,"options":{"engine":"r","label":"unnamed-chunk-54"},"row":273,"row_count":1,"visible":true},{"chunk_id":"cxux51lz6liuw","chunk_label":"unnamed-chunk-24","document_id":"7E7A5652","expansion_state":0,"options":{"engine":"r","label":"unnamed-chunk-81"},"row":288,"row_count":1,"visible":true}],"default_chunk_options":{"echo":true,"error":false},"doc_write_time":1532644975,"working_dir":null}