[{"name":"htmlwidgets","version":"1.2","src":{"file":"\/home\/ahmadreza\/R\/x86_64-pc-linux-gnu-library\/3.5\/htmlwidgets\/www"},"meta":null,"script":"htmlwidgets.js","stylesheet":null,"head":null,"attachment":null,"package":null,"all_files":true},{"name":"plotly-binding","version":"4.7.1","src":{"file":"\/home\/ahmadreza\/R\/x86_64-pc-linux-gnu-library\/3.5\/plotly\/htmlwidgets"},"meta":null,"script":"plotly.js","stylesheet":null,"head":null,"attachment":null,"package":null,"all_files":true},{"name":"typedarray","version":"0.1","src":{"file":"\/home\/ahmadreza\/R\/x86_64-pc-linux-gnu-library\/3.5\/plotly\/htmlwidgets\/lib\/typedarray"},"meta":null,"script":"typedarray.min.js","stylesheet":null,"head":null,"attachment":null,"package":null,"all_files":true},{"name":"jquery","version":"1.11.3","src":{"file":"\/home\/ahmadreza\/R\/x86_64-pc-linux-gnu-library\/3.5\/crosstalk\/lib\/jquery"},"meta":null,"script":"jquery.min.js","stylesheet":null,"head":null,"attachment":null,"package":null,"all_files":true},{"name":"crosstalk","version":"1.0.0","src":{"file":"\/home\/ahmadreza\/R\/x86_64-pc-linux-gnu-library\/3.5\/crosstalk\/www"},"meta":null,"script":"js\/crosstalk.min.js","stylesheet":"css\/crosstalk.css","head":null,"attachment":null,"package":null,"all_files":true},{"name":"plotlyjs","version":"1.29.2","src":{"file":"\/home\/ahmadreza\/R\/x86_64-pc-linux-gnu-library\/3.5\/plotly\/htmlwidgets\/lib\/plotlyjs"},"meta":null,"script":"plotly-latest.min.js","stylesheet":"plotly-htmlwidgets.css","head":null,"attachment":null,"package":null,"all_files":true}]
