{"chunk_definitions":[{"chunk_id":"csetup_chunk","chunk_label":"setup","document_id":"7E7A5652","expansion_state":0,"options":{"engine":"r","include":false,"label":"setup"},"row":9,"row_count":1,"visible":true},{"chunk_id":"cm84wg3ax2z5f","chunk_label":"unnamed-chunk-1","document_id":"7E7A5652","expansion_state":0,"options":{"engine":"r","label":"unnamed-chunk-1"},"row":22,"row_count":1,"visible":true},{"chunk_id":"c5rf75w5u947p","chunk_label":"unnamed-chunk-2","document_id":"7E7A5652","expansion_state":0,"options":{"engine":"r","label":"unnamed-chunk-2"},"row":33,"row_count":1,"visible":true},{"chunk_id":"chaongtaizloi","chunk_label":"unnamed-chunk-3","document_id":"7E7A5652","expansion_state":0,"options":{"engine":"r","label":"unnamed-chunk-3","warning":"F"},"row":39,"row_count":1,"visible":true},{"chunk_id":"c6yindgv11rnc","chunk_label":"unnamed-chunk-4","document_id":"7E7A5652","expansion_state":0,"options":{"engine":"r","label":"unnamed-chunk-4"},"row":43,"row_count":1,"visible":true},{"chunk_id":"c13lyzyi555ak","chunk_label":"unnamed-chunk-5","document_id":"7E7A5652","expansion_state":0,"options":{"engine":"r","label":"unnamed-chunk-84"},"row":54,"row_count":1,"visible":true},{"chunk_id":"cs9m0foz2f7e6","chunk_label":"unnamed-chunk-6","document_id":"7E7A5652","expansion_state":0,"options":{"engine":"r","label":"unnamed-chunk-6"},"row":71,"row_count":1,"visible":true},{"chunk_id":"cwpa9p6bnygx3","chunk_label":"unnamed-chunk-7","document_id":"7E7A5652","expansion_state":0,"options":{"engine":"r","label":"unnamed-chunk-7"},"row":78,"row_count":1,"visible":true},{"chunk_id":"cg4oafk33beln","chunk_label":"unnamed-chunk-8","document_id":"7E7A5652","expansion_state":0,"options":{"engine":"r","label":"unnamed-chunk-8"},"row":84,"row_count":1,"visible":true},{"chunk_id":"c1tmcw3lmi0v4","chunk_label":"unnamed-chunk-9","document_id":"7E7A5652","expansion_state":0,"options":{"engine":"r","label":"unnamed-chunk-9"},"row":89,"row_count":1,"visible":true},{"chunk_id":"c90nsg20r9t20","chunk_label":"unnamed-chunk-10","document_id":"7E7A5652","expansion_state":0,"options":{"engine":"r","label":"unnamed-chunk-10"},"row":97,"row_count":1,"visible":true},{"chunk_id":"cjf704fjl2s85","chunk_label":"unnamed-chunk-11","document_id":"7E7A5652","expansion_state":0,"options":{"engine":"r","label":"unnamed-chunk-11"},"row":102,"row_count":1,"visible":true},{"chunk_id":"cmm3dmtqj0sr4","chunk_label":"unnamed-chunk-12","document_id":"7E7A5652","expansion_state":0,"options":{"engine":"r","label":"unnamed-chunk-12"},"row":114,"row_count":1,"visible":true},{"chunk_id":"c8t76nfobz05x","chunk_label":"unnamed-chunk-13","document_id":"7E7A5652","expansion_state":0,"options":{"engine":"r","label":"unnamed-chunk-13"},"row":125,"row_count":1,"visible":true},{"chunk_id":"c7q9j69qcqsx8","chunk_label":"unnamed-chunk-14","document_id":"7E7A5652","expansion_state":0,"options":{"engine":"r","label":"unnamed-chunk-14"},"row":137,"row_count":1,"visible":true},{"chunk_id":"caow1d9rgg54k","chunk_label":"unnamed-chunk-15","document_id":"7E7A5652","expansion_state":0,"options":{"engine":"r","label":"unnamed-chunk-51"},"row":157,"row_count":1,"visible":true},{"chunk_id":"c6gifh4oujdxb","chunk_label":"unnamed-chunk-16","document_id":"7E7A5652","expansion_state":0,"options":{"engine":"r","label":"unnamed-chunk-53"},"row":165,"row_count":1,"visible":true},{"chunk_id":"ch6m6yblo978f","chunk_label":"unnamed-chunk-17","document_id":"7E7A5652","expansion_state":0,"options":{"engine":"r","label":"unnamed-chunk-85"},"row":173,"row_count":1,"visible":true},{"chunk_id":"cocgn658th3kt","chunk_label":"unnamed-chunk-18","document_id":"7E7A5652","expansion_state":0,"options":{"engine":"r","label":"unnamed-chunk-54"},"row":209,"row_count":1,"visible":true},{"chunk_id":"c7vgmoq4l7haw","chunk_label":"unnamed-chunk-19","document_id":"7E7A5652","expansion_state":0,"options":{"engine":"r","label":"unnamed-chunk-55"},"row":215,"row_count":1,"visible":true},{"chunk_id":"cowtanx0awnaq","chunk_label":"unnamed-chunk-20","document_id":"7E7A5652","expansion_state":0,"options":{"engine":"r","label":"unnamed-chunk-58"},"row":222,"row_count":1,"visible":true},{"chunk_id":"cr9ctgx5px7sf","chunk_label":"unnamed-chunk-21","document_id":"7E7A5652","expansion_state":0,"options":{"engine":"r","label":"unnamed-chunk-63"},"row":233,"row_count":1,"visible":true},{"chunk_id":"cxux51lz6liuw","chunk_label":"unnamed-chunk-22","document_id":"7E7A5652","expansion_state":0,"options":{"engine":"r","label":"unnamed-chunk-81"},"row":256,"row_count":1,"visible":true}],"doc_write_time":1532640750}