{"chunk_definitions":[{"chunk_id":"csetup_chunk","chunk_label":"setup","document_id":"7E7A5652","expansion_state":0,"options":{"engine":"r","include":false,"label":"setup"},"row":9,"row_count":1,"visible":true},{"chunk_id":"cm84wg3ax2z5f","chunk_label":"unnamed-chunk-1","document_id":"7E7A5652","expansion_state":0,"options":{"engine":"r","label":"unnamed-chunk-58"},"row":22,"row_count":1,"visible":true},{"chunk_id":"c5rf75w5u947p","chunk_label":"unnamed-chunk-2","document_id":"7E7A5652","expansion_state":0,"options":{"engine":"r","label":"unnamed-chunk-13"},"row":33,"row_count":1,"visible":true},{"chunk_id":"chaongtaizloi","chunk_label":"unnamed-chunk-3","document_id":"7E7A5652","expansion_state":0,"options":{"engine":"r","label":"unnamed-chunk-16","warning":"F"},"row":39,"row_count":1,"visible":true},{"chunk_id":"c6yindgv11rnc","chunk_label":"unnamed-chunk-4","document_id":"7E7A5652","expansion_state":0,"options":{"engine":"r","label":"unnamed-chunk-17"},"row":43,"row_count":1,"visible":true},{"chunk_id":"c13lyzyi555ak","chunk_label":"unnamed-chunk-5","document_id":"7E7A5652","expansion_state":0,"options":{"engine":"r","label":"unnamed-chunk-25"},"row":54,"row_count":1,"visible":true},{"chunk_id":"cwpa9p6bnygx3","chunk_label":"unnamed-chunk-7","document_id":"7E7A5652","expansion_state":0,"options":{"engine":"r","label":"unnamed-chunk-52"},"row":78,"row_count":1,"visible":true},{"chunk_id":"cg4oafk33beln","chunk_label":"unnamed-chunk-8","document_id":"7E7A5652","expansion_state":0,"options":{"engine":"r","label":"unnamed-chunk-54"},"row":84,"row_count":1,"visible":true},{"chunk_id":"c1tmcw3lmi0v4","chunk_label":"unnamed-chunk-9","document_id":"7E7A5652","expansion_state":0,"options":{"engine":"r","label":"unnamed-chunk-57"},"row":89,"row_count":1,"visible":true},{"chunk_id":"c90nsg20r9t20","chunk_label":"unnamed-chunk-10","document_id":"7E7A5652","expansion_state":0,"options":{"engine":"r","label":"unnamed-chunk-72"},"row":97,"row_count":1,"visible":true},{"chunk_id":"cjf704fjl2s85","chunk_label":"unnamed-chunk-11","document_id":"7E7A5652","expansion_state":0,"options":{"engine":"r","label":"unnamed-chunk-74"},"row":102,"row_count":1,"visible":true},{"chunk_id":"cmm3dmtqj0sr4","chunk_label":"unnamed-chunk-12","document_id":"7E7A5652","expansion_state":0,"options":{"engine":"r","label":"unnamed-chunk-75"},"row":114,"row_count":1,"visible":true},{"chunk_id":"c8t76nfobz05x","chunk_label":"unnamed-chunk-13","document_id":"7E7A5652","expansion_state":0,"options":{"engine":"r","label":"unnamed-chunk-104"},"row":125,"row_count":1,"visible":true},{"chunk_id":"c7q9j69qcqsx8","chunk_label":"unnamed-chunk-14","document_id":"7E7A5652","expansion_state":0,"options":{"engine":"r","label":"unnamed-chunk-112"},"row":137,"row_count":1,"visible":true},{"chunk_id":"caow1d9rgg54k","chunk_label":"unnamed-chunk-15","document_id":"7E7A5652","expansion_state":0,"options":{"engine":"r","label":"unnamed-chunk-120"},"row":145,"row_count":1,"visible":true}],"default_chunk_options":{"echo":true,"error":false},"doc_write_time":1532291844,"working_dir":null}