{"chunk_definitions":[{"chunk_id":"csetup_chunk","chunk_label":"setup","document_id":"7E7A5652","expansion_state":0,"options":{"engine":"r","include":false,"label":"setup"},"row":9,"row_count":1,"visible":true},{"chunk_id":"cm84wg3ax2z5f","chunk_label":"unnamed-chunk-1","document_id":"7E7A5652","expansion_state":0,"options":{"engine":"r","label":"unnamed-chunk-178"},"row":27,"row_count":1,"visible":true},{"chunk_id":"c5rf75w5u947p","chunk_label":"unnamed-chunk-2","document_id":"7E7A5652","expansion_state":0,"options":{"engine":"r","label":"unnamed-chunk-2"},"row":38,"row_count":1,"visible":true},{"chunk_id":"chaongtaizloi","chunk_label":"unnamed-chunk-3","document_id":"7E7A5652","expansion_state":1,"options":{"engine":"r","label":"unnamed-chunk-3","warning":"F"},"row":44,"row_count":1,"visible":true},{"chunk_id":"c6yindgv11rnc","chunk_label":"unnamed-chunk-4","document_id":"7E7A5652","expansion_state":0,"options":{"engine":"r","label":"unnamed-chunk-4"},"row":48,"row_count":1,"visible":true},{"chunk_id":"c13lyzyi555ak","chunk_label":"unnamed-chunk-5","document_id":"7E7A5652","expansion_state":0,"options":{"engine":"r","label":"unnamed-chunk-5"},"row":59,"row_count":1,"visible":true},{"chunk_id":"c86565zaz8gfu","chunk_label":"unnamed-chunk-6","document_id":"7E7A5652","expansion_state":0,"options":{"engine":"r","label":"unnamed-chunk-6"},"row":69,"row_count":1,"visible":true},{"chunk_id":"cs9m0foz2f7e6","chunk_label":"unnamed-chunk-7","document_id":"7E7A5652","expansion_state":0,"options":{"engine":"r","label":"unnamed-chunk-7"},"row":84,"row_count":1,"visible":true},{"chunk_id":"cwpa9p6bnygx3","chunk_label":"unnamed-chunk-8","document_id":"7E7A5652","expansion_state":0,"options":{"engine":"r","label":"unnamed-chunk-8"},"row":91,"row_count":1,"visible":true},{"chunk_id":"cg4oafk33beln","chunk_label":"unnamed-chunk-9","document_id":"7E7A5652","expansion_state":0,"options":{"engine":"r","label":"unnamed-chunk-9"},"row":97,"row_count":1,"visible":true},{"chunk_id":"c1tmcw3lmi0v4","chunk_label":"unnamed-chunk-10","document_id":"7E7A5652","expansion_state":0,"options":{"engine":"r","label":"unnamed-chunk-10"},"row":102,"row_count":1,"visible":true},{"chunk_id":"c90nsg20r9t20","chunk_label":"unnamed-chunk-11","document_id":"7E7A5652","expansion_state":0,"options":{"engine":"r","label":"unnamed-chunk-11"},"row":110,"row_count":1,"visible":true},{"chunk_id":"cjf704fjl2s85","chunk_label":"unnamed-chunk-12","document_id":"7E7A5652","expansion_state":0,"options":{"engine":"r","label":"unnamed-chunk-12"},"row":115,"row_count":1,"visible":true},{"chunk_id":"cmm3dmtqj0sr4","chunk_label":"unnamed-chunk-13","document_id":"7E7A5652","expansion_state":0,"options":{"engine":"r","label":"unnamed-chunk-13"},"row":127,"row_count":1,"visible":true},{"chunk_id":"c8t76nfobz05x","chunk_label":"unnamed-chunk-14","document_id":"7E7A5652","expansion_state":0,"options":{"engine":"r","label":"unnamed-chunk-14"},"row":138,"row_count":1,"visible":true},{"chunk_id":"c7q9j69qcqsx8","chunk_label":"unnamed-chunk-15","document_id":"7E7A5652","expansion_state":0,"options":{"engine":"r","label":"unnamed-chunk-15"},"row":150,"row_count":1,"visible":true},{"chunk_id":"caow1d9rgg54k","chunk_label":"unnamed-chunk-16","document_id":"7E7A5652","expansion_state":0,"options":{"engine":"r","label":"unnamed-chunk-16"},"row":170,"row_count":1,"visible":true},{"chunk_id":"c6gifh4oujdxb","chunk_label":"unnamed-chunk-17","document_id":"7E7A5652","expansion_state":0,"options":{"engine":"r","label":"unnamed-chunk-17"},"row":178,"row_count":1,"visible":true},{"chunk_id":"ch6m6yblo978f","chunk_label":"unnamed-chunk-18","document_id":"7E7A5652","expansion_state":0,"options":{"engine":"r","label":"unnamed-chunk-18"},"row":186,"row_count":1,"visible":true},{"chunk_id":"cntzmlddu3jj4","chunk_label":"unnamed-chunk-19","document_id":"7E7A5652","expansion_state":0,"options":{"engine":"r","label":"unnamed-chunk-19"},"row":222,"row_count":1,"visible":true},{"chunk_id":"cyvw9khkzvvge","chunk_label":"unnamed-chunk-20","document_id":"7E7A5652","expansion_state":0,"options":{"engine":"r","label":"unnamed-chunk-20"},"row":229,"row_count":1,"visible":true},{"chunk_id":"cowtanx0awnaq","chunk_label":"unnamed-chunk-21","document_id":"7E7A5652","expansion_state":0,"options":{"engine":"r","label":"unnamed-chunk-21"},"row":238,"row_count":1,"visible":true},{"chunk_id":"cr9ctgx5px7sf","chunk_label":"unnamed-chunk-22","document_id":"7E7A5652","expansion_state":0,"options":{"engine":"r","label":"unnamed-chunk-22"},"row":249,"row_count":1,"visible":true},{"chunk_id":"c6yyid21ovgw5","chunk_label":"unnamed-chunk-23","document_id":"7E7A5652","expansion_state":0,"options":{"engine":"r","label":"unnamed-chunk-23"},"row":275,"row_count":1,"visible":true},{"chunk_id":"culfeyd89ja8a","chunk_label":"unnamed-chunk-24","document_id":"7E7A5652","expansion_state":0,"options":{"engine":"r","label":"unnamed-chunk-89"},"row":299,"row_count":1,"visible":true},{"chunk_id":"cfmw51ltls89e","chunk_label":"unnamed-chunk-25","document_id":"7E7A5652","expansion_state":0,"options":{"engine":"r","label":"unnamed-chunk-90"},"row":307,"row_count":1,"visible":true},{"chunk_id":"c0mw3gdvh1b1m","chunk_label":"unnamed-chunk-26","document_id":"7E7A5652","expansion_state":0,"options":{"engine":"r","label":"unnamed-chunk-118"},"row":325,"row_count":1,"visible":true},{"chunk_id":"csmui3sptnh3g","chunk_label":"unnamed-chunk-27","document_id":"7E7A5652","expansion_state":0,"options":{"engine":"r","label":"unnamed-chunk-119"},"row":329,"row_count":1,"visible":true},{"chunk_id":"czxerzu88jr9x","chunk_label":"unnamed-chunk-28","document_id":"7E7A5652","expansion_state":0,"options":{"engine":"r","label":"unnamed-chunk-123","warning":"F"},"row":369,"row_count":1,"visible":true},{"chunk_id":"ck5wtvc05rvwm","chunk_label":"unnamed-chunk-29","document_id":"7E7A5652","expansion_state":0,"options":{"engine":"r","label":"unnamed-chunk-120"},"row":374,"row_count":1,"visible":true},{"chunk_id":"ckmsoptm99vq1","chunk_label":"unnamed-chunk-30","document_id":"7E7A5652","expansion_state":0,"options":{"engine":"r","label":"unnamed-chunk-132"},"row":383,"row_count":1,"visible":true},{"chunk_id":"cflycqi3tmf9c","chunk_label":"unnamed-chunk-31","document_id":"7E7A5652","expansion_state":0,"options":{"engine":"r","label":"unnamed-chunk-136"},"row":391,"row_count":1,"visible":true},{"chunk_id":"c5ojterqofyuc","chunk_label":"unnamed-chunk-32","document_id":"7E7A5652","expansion_state":0,"options":{"engine":"r","label":"unnamed-chunk-154"},"row":403,"row_count":1,"visible":true},{"chunk_id":"co7v6b6dgliqn","chunk_label":"unnamed-chunk-33","document_id":"7E7A5652","expansion_state":0,"options":{"engine":"r","label":"unnamed-chunk-162"},"row":417,"row_count":1,"visible":true},{"chunk_id":"cjjub5kza8l2c","chunk_label":"unnamed-chunk-34","document_id":"7E7A5652","expansion_state":0,"options":{"engine":"r","label":"unnamed-chunk-177"},"row":424,"row_count":1,"visible":true},{"chunk_id":"cn3zvx8g4i1t9","chunk_label":"unnamed-chunk-35","document_id":"7E7A5652","expansion_state":0,"options":{"engine":"r","label":"unnamed-chunk-219"},"row":449,"row_count":1,"visible":true},{"chunk_id":"c2qvgsrn738y2","chunk_label":"unnamed-chunk-36","document_id":"7E7A5652","expansion_state":0,"options":{"engine":"r","label":"unnamed-chunk-264"},"row":466,"row_count":1,"visible":true},{"chunk_id":"c5weck8x9d4s7","chunk_label":"unnamed-chunk-37","document_id":"7E7A5652","expansion_state":0,"options":{"engine":"r","label":"unnamed-chunk-143"},"row":472,"row_count":1,"visible":true},{"chunk_id":"cjqbi3wobipci","chunk_label":"unnamed-chunk-38","document_id":"7E7A5652","expansion_state":0,"options":{"engine":"r","label":"unnamed-chunk-266"},"row":482,"row_count":1,"visible":true}],"doc_write_time":1533641270}